_id,riot_id,name,name_zh,description,description_zh,rarity,icon_url,win_rate,pick_rate,patch_version,updated_at
1001,1001,ARAM_ImTheJuggernaut,泰坦的坚决,在承受或造成伤害时获得层数。每10层，获得<scaleAF>适应之力</scaleAF>、<scaleArmor>护甲</scaleArmor>、<scaleMR>魔法抗性</scaleMR>、<attention>体型</attention>和<status>韧性</status>。,在承受或造成伤害时获得层数。每10层，获得<scaleAF>适应之力</scaleAF>、<scaleArmor>护甲</scaleArmor>、<scaleMR>魔法抗性</scaleMR>、<attention>体型</attention>和<status>韧性</status>。,gold,https://raw.communitydragon.org/latest/plugins/rcp-fe-lol-static-assets/global/default/images/augment-icons/1001.png,0.4767,0.2376,26.12,2026-06-26T14:47:14.639Z
1002,1002,ARAM_ApexInventor,尖端发明家,获得<scaleBonus>100装备急速</scaleBonus>(相当于50%装备冷却缩减)。<br><br><rules>装备急速可缩减所有装备技能的冷却时间%i:cooldown%。</rules>,获得<scaleBonus>100装备急速</scaleBonus>(相当于50%装备冷却缩减)。<br><br><rules>装备急速可缩减所有装备技能的冷却时间%i:cooldown%。</rules>,silver,https://raw.communitydragon.org/latest/plugins/rcp-fe-lol-static-assets/global/default/images/augment-icons/1002.png,0.4655,0.1456,26.12,2026-06-26T14:47:14.639Z
1004,1004,ARAM_BacktoBasics,回归基本功,获得提升过的技能伤害、<healing>治疗效果</healing>、<shield>护盾</shield>和<scaleAbilityHaste>技能急速</scaleAbilityHaste>，但你<keywordMajor>不能使用你的终极技能</keywordMajor>。,获得提升过的技能伤害、<healing>治疗效果</healing>、<shield>护盾</shield>和<scaleAbilityHaste>技能急速</scaleAbilityHaste>，但你<keywordMajor>不能使用你的终极技能</keywordMajor>。,gold,https://raw.communitydragon.org/latest/plugins/rcp-fe-lol-static-assets/global/default/images/augment-icons/1004.png,0.7166,0.1755,26.12,2026-06-26T14:47:14.639Z
1005,1005,ARAM_WeeWooWeeWoo,喂呜喂呜,在朝着<scaleHealing>低生命值</scaleHealing>的友军移动时，获得<speed>移动速度</speed>。你的<healing>治疗</healing>和<shield>护盾</shield>获得提升，基于你目标的低生命值程度。,在朝着<scaleHealing>低生命值</scaleHealing>的友军移动时，获得<speed>移动速度</speed>。你的<healing>治疗</healing>和<shield>护盾</shield>获得提升，基于你目标的低生命值程度。,silver,https://raw.communitydragon.org/latest/plugins/rcp-fe-lol-static-assets/global/default/images/augment-icons/1005.png,0.5567,0.1482,26.12,2026-06-26T14:47:14.639Z
1006,1006,ARAM_BladeWaltz,利刃华尔兹,获得<spellName>利刃华尔兹</spellName>作为一个召唤师技能。,获得<spellName>利刃华尔兹</spellName>作为一个召唤师技能。,gold,https://raw.communitydragon.org/latest/plugins/rcp-fe-lol-static-assets/global/default/images/augment-icons/1006.png,0.6368,0.2199,26.12,2026-06-26T14:47:14.639Z
1011,1011,ARAM_CantTouchThis,你摸不到,施放你的<attention>终极技能</attention>会使你进入短时间的<keywordMajor>免疫伤害</keywordMajor>状态。,施放你的<attention>终极技能</attention>会使你进入短时间的<keywordMajor>免疫伤害</keywordMajor>状态。,gold,https://raw.communitydragon.org/latest/plugins/rcp-fe-lol-static-assets/global/default/images/augment-icons/1011.png,0.5320,0.0146,26.12,2026-06-26T14:47:14.639Z
1013,1013,ARAM_CelestialBody,星界躯体,获得<scaleHealth>1500生命值</scaleHealth>，但你造成的伤害降低10%。,获得<scaleHealth>1500生命值</scaleHealth>，但你造成的伤害降低10%。,silver,https://raw.communitydragon.org/latest/plugins/rcp-fe-lol-static-assets/global/default/images/augment-icons/1013.png,0.5852,0.0897,26.12,2026-06-26T14:47:14.639Z
1015,1015,ARAM_CircleofDeath,死亡之环,<healing>治疗效果</healing>和<healing>生命回复效果</healing>还会对相距最近的那个敌方英雄造成<magicDamage>魔法伤害</magicDamage>。<br>,<healing>治疗效果</healing>和<healing>生命回复效果</healing>还会对相距最近的那个敌方英雄造成<magicDamage>魔法伤害</magicDamage>。<br>,gold,https://raw.communitydragon.org/latest/plugins/rcp-fe-lol-static-assets/global/default/images/augment-icons/1015.png,0.6372,0.2495,26.12,2026-06-26T14:47:14.639Z
1018,1018,ARAM_CourageoftheColossus,巨像的勇气,<status>定身</status>或<status>缚地</status>一个敌方英雄后获得<shield>?护盾值</shield>。<br>,<status>定身</status>或<status>缚地</status>一个敌方英雄后获得<shield>?护盾值</shield>。<br>,gold,https://raw.communitydragon.org/latest/plugins/rcp-fe-lol-static-assets/global/default/images/augment-icons/1018.png,0.6793,0.2364,26.12,2026-06-26T14:47:14.639Z
1019,1019,ARAM_Dashing,全凭身法,你的冲刺、跳跃、闪烁或传送类技能获得<scaleAbilityHaste>175技能急速</scaleAbilityHaste>。,你的冲刺、跳跃、闪烁或传送类技能获得<scaleAbilityHaste>175技能急速</scaleAbilityHaste>。,gold,https://raw.communitydragon.org/latest/plugins/rcp-fe-lol-static-assets/global/default/images/augment-icons/1019.png,0.5770,0.0428,26.12,2026-06-26T14:47:14.639Z
1020,1020,ARAM_DawnbringersResolve,黎明使者的坚决,在跌到<scaleHealth>50%生命值</scaleHealth>以下时，<healing>在3秒里持续回复共30%最大生命值</healing>。<br>阵亡时或每45秒重置。<br>,在跌到<scaleHealth>50%生命值</scaleHealth>以下时，<healing>在3秒里持续回复共30%最大生命值</healing>。<br>阵亡时或每45秒重置。<br>,silver,https://raw.communitydragon.org/latest/plugins/rcp-fe-lol-static-assets/global/default/images/augment-icons/1020.png,0.4795,0.1656,26.12,2026-06-26T14:47:14.639Z
1027,1027,ARAM_Earthwake,大地苏醒,你的冲刺、闪烁或传送类技能会留下一条在0.75秒后爆炸的轨迹。,你的冲刺、闪烁或传送类技能会留下一条在0.75秒后爆炸的轨迹。,gold,https://raw.communitydragon.org/latest/plugins/rcp-fe-lol-static-assets/global/default/images/augment-icons/1027.png,0.4606,0.1192,26.12,2026-06-26T14:47:14.639Z
1029,1029,ARAM_EtherealWeapon,虚幻武器,你的技能可施加%i:OnHit%<OnHit>攻击特效</OnHit>。每个目标有1秒冷却时间。,你的技能可施加%i:OnHit%<OnHit>攻击特效</OnHit>。每个目标有1秒冷却时间。,silver,https://raw.communitydragon.org/latest/plugins/rcp-fe-lol-static-assets/global/default/images/augment-icons/1029.png,0.5944,0.1528,26.12,2026-06-26T14:47:14.639Z
1030,1030,ARAM_Eureka,尤里卡,获得相当于<scaleAP>30%法术强度</scaleAP>的<scaleAbilityHaste>技能急速</scaleAbilityHaste>。,获得相当于<scaleAP>30%法术强度</scaleAP>的<scaleAbilityHaste>技能急速</scaleAbilityHaste>。,gold,https://raw.communitydragon.org/latest/plugins/rcp-fe-lol-static-assets/global/default/images/augment-icons/1030.png,0.6443,0.0930,26.12,2026-06-26T14:47:14.639Z
1036,1036,ARAM_Firebrand,火上浇油,你的攻击会施加一个可无限叠加的<keywordMajor>灼烧</keywordMajor>%i:OnHit%<OnHit>攻击特效</OnHit>，持续造成伤害。,你的攻击会施加一个可无限叠加的<keywordMajor>灼烧</keywordMajor>%i:OnHit%<OnHit>攻击特效</OnHit>，持续造成伤害。,silver,https://raw.communitydragon.org/latest/plugins/rcp-fe-lol-static-assets/global/default/images/augment-icons/1036.png,0.4657,0.0008,26.12,2026-06-26T14:47:14.639Z
1038,1038,ARAM_FromBeginningToEnd,有始有终,获得<spellName>先攻</spellName>和<spellName>黑暗收割</spellName>基石符文。,获得<spellName>先攻</spellName>和<spellName>黑暗收割</spellName>基石符文。,silver,https://raw.communitydragon.org/latest/plugins/rcp-fe-lol-static-assets/global/default/images/augment-icons/1038.png,0.6134,0.1313,26.12,2026-06-26T14:47:14.639Z
1041,1041,ARAM_Goliath,歌利亚巨人,体型变大，获得<scaleHealth>35%生命值</scaleHealth>和<scaleAF>15%适应之力</scaleAF>。,体型变大，获得<scaleHealth>35%生命值</scaleHealth>和<scaleAF>15%适应之力</scaleAF>。,gold,https://raw.communitydragon.org/latest/plugins/rcp-fe-lol-static-assets/global/default/images/augment-icons/1041.png,0.6673,0.0576,26.12,2026-06-26T14:47:14.639Z
1045,1045,ARAM_InfernalConduit,炼狱导管,你的技能会施加一层可叠加的<keywordMajor>灼烧</keywordMajor>，持续造成魔法伤害。<br><br>你的<keywordMajor>灼烧</keywordMajor>效果会降低你各基础技能的冷却时间。,你的技能会施加一层可叠加的<keywordMajor>灼烧</keywordMajor>，持续造成魔法伤害。<br><br>你的<keywordMajor>灼烧</keywordMajor>效果会降低你各基础技能的冷却时间。,gold,https://raw.communitydragon.org/latest/plugins/rcp-fe-lol-static-assets/global/default/images/augment-icons/1045.png,0.5566,0.1317,26.12,2026-06-26T14:47:14.639Z
1047,1047,ARAM_ItsCritical,关键暴击,获得<crit>%i:scaleCrit%50%暴击几率</crit>。,获得<crit>%i:scaleCrit%50%暴击几率</crit>。,silver,https://raw.communitydragon.org/latest/plugins/rcp-fe-lol-static-assets/global/default/images/augment-icons/1047.png,0.6104,0.1791,26.12,2026-06-26T14:47:14.639Z
1048,1048,ARAM_JeweledGauntlet,珠光护手,你的技能可以造成<crit>暴击</crit>。<br><br>获得<crit>%i:scaleCrit% ?暴击几率</crit>。,你的技能可以造成<crit>暴击</crit>。<br><br>获得<crit>%i:scaleCrit% ?暴击几率</crit>。,gold,https://raw.communitydragon.org/latest/plugins/rcp-fe-lol-static-assets/global/default/images/augment-icons/1048.png,0.7303,0.0507,26.12,2026-06-26T14:47:14.639Z
1053,1053,ARAM_MadScientist,科学狂人,每次重生时，你的体型要么变大(获得<font color = '#8347ff'>适应之力</font>和<scaleHealth>生命值</scaleHealth>)，要么变小(获得技能急速和<speed>移动速度</speed>)。,每次重生时，你的体型要么变大(获得<font color = '#8347ff'>适应之力</font>和<scaleHealth>生命值</scaleHealth>)，要么变小(获得技能急速和<speed>移动速度</speed>)。,gold,https://raw.communitydragon.org/latest/plugins/rcp-fe-lol-static-assets/global/default/images/augment-icons/1053.png,0.5289,0.0389,26.12,2026-06-26T14:47:14.639Z
1054,1054,ARAM_MasterofDuality,物法皆修,你的每次攻击为你提供可叠加的<scaleAP>法术强度</scaleAP>，并且你的每次技能在伤害敌人时为你提供可叠加的<scaleAD>攻击力</scaleAD>。,你的每次攻击为你提供可叠加的<scaleAP>法术强度</scaleAP>，并且你的每次技能在伤害敌人时为你提供可叠加的<scaleAD>攻击力</scaleAD>。,gold,https://raw.communitydragon.org/latest/plugins/rcp-fe-lol-static-assets/global/default/images/augment-icons/1054.png,0.5582,0.0945,26.12,2026-06-26T14:47:14.639Z
1058,1058,ARAM_MysticPunch,秘术冲拳,%i:OnHit%<OnHit>攻击特效</OnHit>使你的各个技能的冷却时间缩减1.25秒%i:scaleCooldown%。,%i:OnHit%<OnHit>攻击特效</OnHit>使你的各个技能的冷却时间缩减1.25秒%i:scaleCooldown%。,gold,https://raw.communitydragon.org/latest/plugins/rcp-fe-lol-static-assets/global/default/images/augment-icons/1058.png,0.4701,0.1586,26.12,2026-06-26T14:47:14.639Z
1061,1061,ARAM_OkBoomerang,回力OK镖,每?秒朝着一个附近的敌人<keywordMajor>自动施放</keywordMajor>投掷一个回力镖。,每?秒朝着一个附近的敌人<keywordMajor>自动施放</keywordMajor>投掷一个回力镖。,silver,https://raw.communitydragon.org/latest/plugins/rcp-fe-lol-static-assets/global/default/images/augment-icons/1061.png,0.6005,0.0709,26.12,2026-06-26T14:47:14.639Z
1062,1062,ARAM_OmniSoul,全能龙魂,获得3个随机<attention>龙魂</attention>。,获得3个随机<attention>龙魂</attention>。,gold,https://raw.communitydragon.org/latest/plugins/rcp-fe-lol-static-assets/global/default/images/augment-icons/1062.png,0.5437,0.0334,26.12,2026-06-26T14:47:14.639Z
1063,1063,ARAM_OutlawsGrit,狂徒豪气,在使用一次冲刺、闪烁或传送之后，你获得<scaleArmor>12护甲</scaleArmor>和<scaleMR>魔法抗性</scaleMR>，这个效果至多可叠加至5层。,在使用一次冲刺、闪烁或传送之后，你获得<scaleArmor>12护甲</scaleArmor>和<scaleMR>魔法抗性</scaleMR>，这个效果至多可叠加至5层。,silver,https://raw.communitydragon.org/latest/plugins/rcp-fe-lol-static-assets/global/default/images/augment-icons/1063.png,0.7113,0.0722,26.12,2026-06-26T14:47:14.639Z
1064,1064,ARAM_Perseverance,坚韧,获得巨幅提升的<healing>生命回复</healing>，这个数额会在低<scaleHealth>生命值</scaleHealth>时进一步提升。,获得巨幅提升的<healing>生命回复</healing>，这个数额会在低<scaleHealth>生命值</scaleHealth>时进一步提升。,silver,https://raw.communitydragon.org/latest/plugins/rcp-fe-lol-static-assets/global/default/images/augment-icons/1064.png,0.6258,0.2260,26.12,2026-06-26T14:47:14.639Z
1066,1066,ARAM_QuantumComputing,量子计算,周期性地<keywordMajor>自动施放</keywordMajor>一次巨型斩击。被击中的敌人会被<status>减速</status>，受到额外<physicalDamage>最大生命值伤害</physicalDamage>，并且治疗你。,周期性地<keywordMajor>自动施放</keywordMajor>一次巨型斩击。被击中的敌人会被<status>减速</status>，受到额外<physicalDamage>最大生命值伤害</physicalDamage>，并且治疗你。,gold,https://raw.communitydragon.org/latest/plugins/rcp-fe-lol-static-assets/global/default/images/augment-icons/1066.png,0.7137,0.1497,26.12,2026-06-26T14:47:14.639Z
1067,1067,ARAM_RabbleRousing,活力焕发,使用【<font color='#F0C200'>?</font>】技能时回复<healing>生命值</healing>。,使用【<font color='#F0C200'>?</font>】技能时回复<healing>生命值</healing>。,silver,https://raw.communitydragon.org/latest/plugins/rcp-fe-lol-static-assets/global/default/images/augment-icons/1067.png,0.4546,0.2245,26.12,2026-06-26T14:47:14.639Z
1068,1068,ARAM_Recursion,循环往复,获得60技能急速。,获得60技能急速。,silver,https://raw.communitydragon.org/latest/plugins/rcp-fe-lol-static-assets/global/default/images/augment-icons/1068.png,0.7479,0.2138,26.12,2026-06-26T14:47:14.639Z
1071,1071,ARAM_ScopierWeapons,更万用的瞄准镜,获得?攻击距离。,获得?攻击距离。,silver,https://raw.communitydragon.org/latest/plugins/rcp-fe-lol-static-assets/global/default/images/augment-icons/1071.png,0.7458,0.2405,26.12,2026-06-26T14:47:14.639Z
1072,1072,ARAM_SearingDawn,炽烈黎明,你的技能会标记敌人，使其在被你的友军的下一个攻击或技能命中时会受到额外<magicDamage>魔法伤害</magicDamage>。,你的技能会标记敌人，使其在被你的友军的下一个攻击或技能命中时会受到额外<magicDamage>魔法伤害</magicDamage>。,silver,https://raw.communitydragon.org/latest/plugins/rcp-fe-lol-static-assets/global/default/images/augment-icons/1072.png,0.7206,0.1925,26.12,2026-06-26T14:47:14.639Z
1074,1074,ARAM_ShrinkRay,缩小射线,你的攻击会将目标的伤害与体型削减15%%i:OnHit%<OnHit>攻击特效</OnHit>。,你的攻击会将目标的伤害与体型削减15%%i:OnHit%<OnHit>攻击特效</OnHit>。,silver,https://raw.communitydragon.org/latest/plugins/rcp-fe-lol-static-assets/global/default/images/augment-icons/1074.png,0.6824,0.2370,26.12,2026-06-26T14:47:14.639Z
1077,1077,ARAM_SoulSiphon,灵魂虹吸,<crit>暴击</crit><lifeSteal>造成伤害的12%会等额治疗你自身</lifeSteal>。<br><br>获得<crit>%i:scaleCrit% 25%暴击几率</crit>。,<crit>暴击</crit><lifeSteal>造成伤害的12%会等额治疗你自身</lifeSteal>。<br><br>获得<crit>%i:scaleCrit% 25%暴击几率</crit>。,silver,https://raw.communitydragon.org/latest/plugins/rcp-fe-lol-static-assets/global/default/images/augment-icons/1077.png,0.5716,0.1842,26.12,2026-06-26T14:47:14.639Z
1079,1079,ARAM_SymphonyofWar,战争交响乐,获得<spellName>致命节奏</spellName>和<spellName>征服者</spellName>基石符文。,获得<spellName>致命节奏</spellName>和<spellName>征服者</spellName>基石符文。,gold,https://raw.communitydragon.org/latest/plugins/rcp-fe-lol-static-assets/global/default/images/augment-icons/1079.png,0.6855,0.0718,26.12,2026-06-26T14:47:14.639Z
1081,1081,ARAM_TapDancer,踢踏舞,你的攻击会为你提供<speed>移动速度</speed>。基于你的移动速度获得<attackSpeed>攻击速度</attackSpeed>。,你的攻击会为你提供<speed>移动速度</speed>。基于你的移动速度获得<attackSpeed>攻击速度</attackSpeed>。,gold,https://raw.communitydragon.org/latest/plugins/rcp-fe-lol-static-assets/global/default/images/augment-icons/1081.png,0.5063,0.0634,26.12,2026-06-26T14:47:14.639Z
1084,1084,ARAM_ThreadtheNeedle,穿针���线,获得18%<armorPen>%i:scaleAPen%护甲穿透</armorPen>和<magicPen>%i:scaleMPen%法术穿透</magicPen>。,获得18%<armorPen>%i:scaleAPen%护甲穿透</armorPen>和<magicPen>%i:scaleMPen%法术穿透</magicPen>。,silver,https://raw.communitydragon.org/latest/plugins/rcp-fe-lol-static-assets/global/default/images/augment-icons/1084.png,0.6448,0.2248,26.12,2026-06-26T14:47:14.639Z
1088,1088,ARAM_UltimateRevolution,终极刷新,在施放<attention>终极技能</attention>后刷新你的终极技能(75秒冷却时间或阵亡时重置)。,在施放<attention>终极技能</attention>后刷新你的终极技能(75秒冷却时间或阵亡时重置)。,gold,https://raw.communitydragon.org/latest/plugins/rcp-fe-lol-static-assets/global/default/images/augment-icons/1088.png,0.5164,0.1567,26.12,2026-06-26T14:47:14.639Z
1092,1092,ARAM_Vulnerability,易损,你的装备效果和持续伤害效果可以<crit>暴击</crit>。<br><br>获得<crit>%i:scaleCrit% 25%暴击几率</crit>。,你的装备效果和持续伤害效果可以<crit>暴击</crit>。<br><br>获得<crit>%i:scaleCrit% 25%暴击几率</crit>。,silver,https://raw.communitydragon.org/latest/plugins/rcp-fe-lol-static-assets/global/default/images/augment-icons/1092.png,0.6102,0.2224,26.12,2026-06-26T14:47:14.639Z
1095,1095,ARAM_WindspeakersBlessing,风语者的祝福,你的<healing>治疗效果</healing>和<shield>护盾效果</shield>还会提升目标的<scaleArmor>护甲</scaleArmor>和<scaleMR>魔法抗性</scaleMR>，这些加成持续3秒。,你的<healing>治疗效果</healing>和<shield>护盾效果</shield>还会提升目标的<scaleArmor>护甲</scaleArmor>和<scaleMR>魔法抗性</scaleMR>，这些加成持续3秒。,gold,https://raw.communitydragon.org/latest/plugins/rcp-fe-lol-static-assets/global/default/images/augment-icons/1095.png,0.5887,0.2394,26.12,2026-06-26T14:47:14.639Z
1098,1098,ARAM_WithHaste,急急小子,获得<speed>移动速度</speed>，相当于你的70%技能急速。,获得<speed>移动速度</speed>，相当于你的70%技能急速。,silver,https://raw.communitydragon.org/latest/plugins/rcp-fe-lol-static-assets/global/default/images/augment-icons/1098.png,0.6986,0.1633,26.12,2026-06-26T14:47:14.639Z
1103,1103,ARAM_BreadAndButter,面包和黄油,你的【<font color='#F0C200'>?</font>】技能获得100技能急速。,你的【<font color='#F0C200'>?</font>】技能获得100技能急速。,silver,https://raw.communitydragon.org/latest/plugins/rcp-fe-lol-static-assets/global/default/images/augment-icons/1103.png,0.6495,0.1345,26.12,2026-06-26T14:47:14.640Z
1104,1104,ARAM_Minionmancer,仆从大师,你的召唤物获得40%体型提升、生命值和伤害。,你的召唤物获得40%体型提升、生命值和伤害。,silver,https://raw.communitydragon.org/latest/plugins/rcp-fe-lol-static-assets/global/default/images/augment-icons/1104.png,0.6406,0.0100,26.12,2026-06-26T14:47:14.640Z
1113,1113,ARAM_SkilledSniper,老练狙神,用一个非终极技能<keywordMajor>狙击</keywordMajor>一个敌人时，返还该技能80%冷却时间(周期性技能返还65%)。,用一个非终极技能<keywordMajor>狙击</keywordMajor>一个敌人时，返还该技能80%冷却时间(周期性技能返还65%)。,silver,https://raw.communitydragon.org/latest/plugins/rcp-fe-lol-static-assets/global/default/images/augment-icons/1113.png,0.6079,0.2419,26.12,2026-06-26T14:47:14.640Z
1115,1115,ARAM_ScopiestWeapons,最万用的瞄准镜,获得?攻击距离。,获得?攻击距离。,gold,https://raw.communitydragon.org/latest/plugins/rcp-fe-lol-static-assets/global/default/images/augment-icons/1115.png,0.7170,0.1990,26.12,2026-06-26T14:47:14.640Z
1116,1116,ARAM_Flashy,闪现向前,你的闪现有3层充能。在120秒后，再次获得所有充能。,你的闪现有3层充能。在120秒后，再次获得所有充能。,silver,https://raw.communitydragon.org/latest/plugins/rcp-fe-lol-static-assets/global/default/images/augment-icons/1116.png,0.5119,0.1032,26.12,2026-06-26T14:47:14.640Z
1118,1118,ARAM_CriticalHealing,会心治疗,你的<healing>治疗</healing>和<shield>护盾</shield>可以暴击，造成40%额外数额的效果。获得%i:scaleCrit% 25%暴击几率。 ,你的<healing>治疗</healing>和<shield>护盾</shield>可以暴击，造成40%额外数额的效果。获得%i:scaleCrit% 25%暴击几率。 ,silver,https://raw.communitydragon.org/latest/plugins/rcp-fe-lol-static-assets/global/default/images/augment-icons/1118.png,0.5756,0.0048,26.12,2026-06-26T14:47:14.640Z
1129,1129,ARAM_Marksmage,神射法师,你的攻击造成相当于你<scaleAP>75%法术强度</scaleAP>的额外<physicalDamage>物理伤害</physicalDamage>。,你的攻击造成相当于你<scaleAP>75%法术强度</scaleAP>的额外<physicalDamage>物理伤害</physicalDamage>。,silver,https://raw.communitydragon.org/latest/plugins/rcp-fe-lol-static-assets/global/default/images/augment-icons/1129.png,0.5992,0.1357,26.12,2026-06-26T14:47:14.640Z
1133,1133,ARAM_MagicMissile,魔法飞弹,造成技能伤害会对其发射3个飞弹，每个造成基于飞行距离的<trueDamage>百分比最大生命值的真实伤害</trueDamage>。,造成技能伤害会对其发射3个飞弹，每个造成基于飞行距离的<trueDamage>百分比最大生命值的真实伤害</trueDamage>。,silver,https://raw.communitydragon.org/latest/plugins/rcp-fe-lol-static-assets/global/default/images/augment-icons/1133.png,0.7240,0.1122,26.12,2026-06-26T14:47:14.640Z
1134,1134,ARAM_DrawYourSword,亮出你的剑,变为近战状态，并且获得<physicalDamage>攻击力</physicalDamage>、<healing>生命值</healing>、<attackSpeed>攻击速度</attackSpeed>、<lifesteal>生命偷取</lifesteal>和<speed>移动速度</speed> (每个属性都基于舍弃的攻击距离而进一步提升)。,变为近战状态，并且获得<physicalDamage>攻击力</physicalDamage>、<healing>生命值</healing>、<attackSpeed>攻击速度</attackSpeed>、<lifesteal>生命偷取</lifesteal>和<speed>移动速度</speed> (每个属性都基于舍弃的攻击距离而进一步提升)。,gold,https://raw.communitydragon.org/latest/plugins/rcp-fe-lol-static-assets/global/default/images/augment-icons/1134.png,0.6769,0.0479,26.12,2026-06-26T14:47:14.640Z
1141,1141,ARAM_AllForYou,全心为你,你的<healing>治疗</healing>和<shield>护盾</shield>在用在一个友军身上时会变强。,你的<healing>治疗</healing>和<shield>护盾</shield>在用在一个友军身上时会变强。,silver,https://raw.communitydragon.org/latest/plugins/rcp-fe-lol-static-assets/global/default/images/augment-icons/1141.png,0.4861,0.0821,26.12,2026-06-26T14:47:14.640Z
1149,1149,ARAM_Impassable,不动如山,获<spellName>余震</spellName>和<spellName>冰川增幅</spellName>基石符文。,获<spellName>余震</spellName>和<spellName>冰川增幅</spellName>基石符文。,silver,https://raw.communitydragon.org/latest/plugins/rcp-fe-lol-static-assets/global/default/images/augment-icons/1149.png,0.5438,0.1689,26.12,2026-06-26T14:47:14.640Z
1150,1150,ARAM_BreadAndJam,面包和果酱,你的【<font color='#F0C200'>?</font>】技能获得100技能急速。,你的【<font color='#F0C200'>?</font>】技能获得100技能急速。,silver,https://raw.communitydragon.org/latest/plugins/rcp-fe-lol-static-assets/global/default/images/augment-icons/1150.png,0.6346,0.1962,26.12,2026-06-26T14:47:14.640Z
1151,1151,ARAM_BreadAndCheese,面包和奶酪,你的【<font color='#F0C200'>?</font>】技能获得100技能急速。,你的【<font color='#F0C200'>?</font>】技能获得100技能急速。,silver,https://raw.communitydragon.org/latest/plugins/rcp-fe-lol-static-assets/global/default/images/augment-icons/1151.png,0.5052,0.0350,26.12,2026-06-26T14:47:14.640Z
1152,1152,ARAM_Quest_SteelYourHeart,钢化你心,<font color='#F0C200'>任务：</font>持有【心之钢】且层数在300层或以上。<br><br>奖励：将你的【心之钢】层数乘以3。,<font color='#F0C200'>任务：</font>持有【心之钢】且层数在300层或以上。<br><br>奖励：将你的【心之钢】层数乘以3。,silver,https://raw.communitydragon.org/latest/plugins/rcp-fe-lol-static-assets/global/default/images/augment-icons/1152.png,0.7272,0.1403,26.12,2026-06-26T14:47:14.640Z
1154,1154,ARAM_Quest_UrfsChampion,海牛阿福的勇士,<font color='#F0C200'>任务：</font>参与击杀?次。<br><br>奖励：金铲铲,<font color='#F0C200'>任务：</font>参与击杀?次。<br><br>奖励：金铲铲,gold,https://raw.communitydragon.org/latest/plugins/rcp-fe-lol-static-assets/global/default/images/augment-icons/1154.png,0.7168,0.2014,26.12,2026-06-26T14:47:14.640Z
1156,1156,ARAM_Quest_WoogletsWitchcap,沃格勒特的巫师帽,立刻获得一个<attention>无用大棒</attention>。<br><br><font color='#F0C200'>任务：</font>持有<attention>灭世者的死亡之帽</attention>和<attention>中娅沙漏</attention>。<br><br><font color='#F0C200'>奖励：</font>获得<attention>沃格勒特的巫师帽</attention>。,立刻获得一个<attention>无用大棒</attention>。<br><br><font color='#F0C200'>任务：</font>持有<attention>灭世者的死亡之帽</attention>和<attention>中娅沙漏</attention>。<br><br><font color='#F0C200'>奖励：</font>获得<attention>沃格勒特的巫师帽</attention>。,gold,https://raw.communitydragon.org/latest/plugins/rcp-fe-lol-static-assets/global/default/images/augment-icons/1156.png,0.5968,0.0797,26.12,2026-06-26T14:47:14.640Z
1180,1180,ARAM_BigBrain,超强大脑,每拥有<scaleAP>%i:scaleAP%1法术强度</scaleAP>就会获得<shield>3护盾值</shield>。阵亡时或耗尽后70秒重置。,每拥有<scaleAP>%i:scaleAP%1法术强度</scaleAP>就会获得<shield>3护盾值</shield>。阵亡时或耗尽后70秒重置。,silver,https://raw.communitydragon.org/latest/plugins/rcp-fe-lol-static-assets/global/default/images/augment-icons/1180.png,0.6478,0.2228,26.12,2026-06-26T14:47:14.640Z
1194,1194,ARAM_FeyMagic,精怪魔法,你的<attention>终极技能</attention>的伤害会对敌人造成持续若干秒的<status>变形</status>效果。,你的<attention>终极技能</attention>的伤害会对敌人造成持续若干秒的<status>变形</status>效果。,gold,https://raw.communitydragon.org/latest/plugins/rcp-fe-lol-static-assets/global/default/images/augment-icons/1194.png,0.7014,0.0724,26.12,2026-06-26T14:47:14.640Z
1195,1195,ARAM_GiantSlayer,巨人杀手,体型变小，获得<speed>移动速度</speed>，并基于敌方英雄体型大于你的程度获得额外伤害。,体型变小，获得<speed>移动速度</speed>，并基于敌方英雄体型大于你的程度获得额外伤害。,gold,https://raw.communitydragon.org/latest/plugins/rcp-fe-lol-static-assets/global/default/images/augment-icons/1195.png,0.4986,0.2080,26.12,2026-06-26T14:47:14.640Z
1211,1211,ARAM_ItsKillingTime,杀戮时间到了,在施放你的终极技能后，标记所有敌人并存储你对他们造成的伤害。当它结束时，引爆该伤害。,在施放你的终极技能后，标记所有敌人并存储你对他们造成的伤害。当它结束时，引爆该伤害。,silver,https://raw.communitydragon.org/latest/plugins/rcp-fe-lol-static-assets/global/default/images/augment-icons/1211.png,0.6483,0.0376,26.12,2026-06-26T14:47:14.640Z
1220,1220,ARAM_FanTheHammer,连拨击锤,对敌方英雄的攻击会发射5个额外飞弹，造成随距离提升的额外伤害。每个方向的冷却时间独立计算。,对敌方英雄的攻击会发射5个额外飞弹，造成随距离提升的额外伤害。每个方向的冷却时间独立计算。,gold,https://raw.communitydragon.org/latest/plugins/rcp-fe-lol-static-assets/global/default/images/augment-icons/1220.png,0.4750,0.0520,26.12,2026-06-26T14:47:14.640Z
1225,1225,ARAM_DualWield,双刀流,在攻击时，发射一个箭矢，它施加效能削减的%i:OnHit%<OnHit>攻击特效</OnHit>。获得<attackSpeed>10%总攻击速度</attackSpeed>。,在攻击时，发射一个箭矢，它施加效能削减的%i:OnHit%<OnHit>攻击特效</OnHit>。获得<attackSpeed>10%总攻击速度</attackSpeed>。,gold,https://raw.communitydragon.org/latest/plugins/rcp-fe-lol-static-assets/global/default/images/augment-icons/1225.png,0.5500,0.2475,26.12,2026-06-26T14:47:14.640Z
1238,1238,ARAM_TransmutePrismatic,质变：棱彩阶,获得1个随机<keywordMajor>%i:Augment%棱彩阶强化符文</keywordMajor>。,获得1个随机<keywordMajor>%i:Augment%棱彩阶强化符文</keywordMajor>。,silver,https://raw.communitydragon.org/latest/plugins/rcp-fe-lol-static-assets/global/default/images/augment-icons/1238.png,0.6888,0.1497,26.12,2026-06-26T14:47:14.640Z
1243,1243,ARAM_TransmuteChaos,质变：混沌,获得<keywordMajor>2个随机%i:Augment%强化符文</keywordMajor>。,获得<keywordMajor>2个随机%i:Augment%强化符文</keywordMajor>。,gold,https://raw.communitydragon.org/latest/plugins/rcp-fe-lol-static-assets/global/default/images/augment-icons/1243.png,0.6493,0.1107,26.12,2026-06-26T14:47:14.640Z
1301,1301,ARAM_DivineIntervention,神圣干预,战斗开始后的短时间内，召唤一颗护体星星。在它着陆时，你和附近的友军们进入持续若干秒的<keywordMajor>免疫伤害</keywordMajor>状态。<br><br>随后每35秒<keywordMajor>自动施放</keywordMajor>这个效果。,战斗开始后的短时间内，召唤一颗护体星星。在它着陆时，你和附近的友军们进入持续若干秒的<keywordMajor>免疫伤害</keywordMajor>状态。<br><br>随后每35秒<keywordMajor>自动施放</keywordMajor>这个效果。,silver,https://raw.communitydragon.org/latest/plugins/rcp-fe-lol-static-assets/global/default/images/augment-icons/1301.png,0.5195,0.0671,26.12,2026-06-26T14:47:14.640Z
1310,1310,ARAM_ClownCollege,小丑学院,获得召唤师技能<spellName>欺诈魔术</spellName>。<br>获得<spellName>背刺</spellName>被动。<br>在你阵亡时，生成一个爆炸盒子来对附近的敌人们造成大量<trueDamage>真实伤害</trueDamage>和<status>恐惧</status>。,获得召唤师技能<spellName>欺诈魔术</spellName>。<br>获得<spellName>背刺</spellName>被动。<br>在你阵亡时，生成一个爆炸盒子来对附近的敌人们造成大量<trueDamage>真实伤害</trueDamage>和<status>恐惧</status>。,gold,https://raw.communitydragon.org/latest/plugins/rcp-fe-lol-static-assets/global/default/images/augment-icons/1310.png,0.6164,0.2231,26.12,2026-06-26T14:47:14.640Z
1311,1311,ARAM_Overflow,溢流,你的<scaleMana>法力</scaleMana>消耗翻倍。<br><br>你的技能的<healing>治疗效果</healing>、<shield>护盾效果</shield>和伤害获得提升，提升幅度基于你的<scaleMana>最大法力值</scaleMana>。,你的<scaleMana>法力</scaleMana>消耗翻倍。<br><br>你的技能的<healing>治疗效果</healing>、<shield>护盾效果</shield>和伤害获得提升，提升幅度基于你的<scaleMana>最大法力值</scaleMana>。,silver,https://raw.communitydragon.org/latest/plugins/rcp-fe-lol-static-assets/global/default/images/augment-icons/1311.png,0.4502,0.0041,26.12,2026-06-26T14:47:14.640Z
1322,1322,ARAM_GetExcited,罪恶快感,参与击杀后，在4秒内提升<speed>移动速度</speed>和<attackSpeed>攻击速度</attackSpeed>。,参与击杀后，在4秒内提升<speed>移动速度</speed>和<attackSpeed>攻击速度</attackSpeed>。,silver,https://raw.communitydragon.org/latest/plugins/rcp-fe-lol-static-assets/global/default/images/augment-icons/1322.png,0.6032,0.2151,26.12,2026-06-26T14:47:14.640Z
1323,1323,ARAM_Cruelty,残忍,<status>定身</status>或<status>缚地</status>一个英雄时，召唤一颗会在短暂延迟后着陆的彗星，对附近的敌人们造成<magicDamage>魔法伤害</magicDamage>。,<status>定身</status>或<status>缚地</status>一个英雄时，召唤一颗会在短暂延迟后着陆的彗星，对附近的敌人们造成<magicDamage>魔法伤害</magicDamage>。,gold,https://raw.communitydragon.org/latest/plugins/rcp-fe-lol-static-assets/global/default/images/augment-icons/1323.png,0.5991,0.0539,26.12,2026-06-26T14:47:14.640Z
1324,1324,ARAM_ProteinShake,蛋白粉奶昔,获得<healing>%i:scaleHealShield%?%治疗和护盾强度</healing>，基于额外<scaleArmor>护甲</scaleArmor>和<scaleMR>魔抗</scaleMR>。,获得<healing>%i:scaleHealShield%?%治疗和护盾强度</healing>，基于额外<scaleArmor>护甲</scaleArmor>和<scaleMR>魔抗</scaleMR>。,gold,https://raw.communitydragon.org/latest/plugins/rcp-fe-lol-static-assets/global/default/images/augment-icons/1324.png,0.6600,0.0561,26.12,2026-06-26T14:47:14.640Z
1325,1325,GlassCannon,玻璃大炮,减少<scaleHealth>30%最大生命值</scaleHealth>。造成?<trueDamage>额外真实伤害</trueDamage>。 ,减少<scaleHealth>30%最大生命值</scaleHealth>。造成?<trueDamage>额外真实伤害</trueDamage>。 ,gold,https://raw.communitydragon.org/latest/plugins/rcp-fe-lol-static-assets/global/default/images/augment-icons/1325.png,0.6046,0.0181,26.12,2026-06-26T14:47:14.640Z
1326,1326,Nightstalking,夜狩,在对敌人造成伤害的3秒内参与击杀该敌人会使你进入隐身状态。,在对敌人造成伤害的3秒内参与击杀该敌人会使你进入隐身状态。,silver,https://raw.communitydragon.org/latest/plugins/rcp-fe-lol-static-assets/global/default/images/augment-icons/1326.png,0.6106,0.1628,26.12,2026-06-26T14:47:14.640Z
1328,1328,CriticalRhythm,暴击律动,你的普攻在<crit>暴击</crit>时获得可叠加的<attackSpeed>攻击速度</attackSpeed>。<br><br>获得<attention>%i:scaleCrit% 25%暴击几率</attention>。,你的普攻在<crit>暴击</crit>时获得可叠加的<attackSpeed>攻击速度</attackSpeed>。<br><br>获得<attention>%i:scaleCrit% 25%暴击几率</attention>。,silver,https://raw.communitydragon.org/latest/plugins/rcp-fe-lol-static-assets/global/default/images/augment-icons/1328.png,0.5093,0.0005,26.12,2026-06-26T14:47:14.640Z
1329,1329,BiggestSnowballEver,史上最大雪球,你的<spellName>雪球</spellName>获得100技能急速。<br><br>你的雪球现在变得<attention>非常大</attention>，并且可以穿过小兵。它会<status>减速</status>， <status>击飞</status>英雄，并造成额外<magicDamage>伤害</magicDamage>。<br><br><rules>如果你没有雪球，则获得一个<spellName>雪球</spellName>。</rules>,你的<spellName>雪球</spellName>获得100技能急速。<br><br>你的雪球现在变得<attention>非常大</attention>，并且可以穿过小兵。它会<status>减速</status>， <status>击飞</status>英雄，并造成额外<magicDamage>伤害</magicDamage>。<br><br><rules>如果你没有雪球，则获得一个<spellName>雪球</spellName>。</rules>,gold,https://raw.communitydragon.org/latest/plugins/rcp-fe-lol-static-assets/global/default/images/augment-icons/1329.png,0.5938,0.1459,26.12,2026-06-26T14:47:14.640Z
1331,1331,EmpyreanPromise,至高天诺言,获得%i:scaleHealShield%15%治疗和护盾强度。获得<spellName>至高天诺言</spellName>作为一个召唤师技能。<br><br><rules><active>警惕</active><br>传送至你的友军并在着陆时提供持续3秒的<shield>?护盾值</shield>。</rules>,获得%i:scaleHealShield%15%治疗和护盾强度。获得<spellName>至高天诺言</spellName>作为一个召唤师技能。<br><br><rules><active>警惕</active><br>传送至你的友军并在着陆时提供持续3秒的<shield>?护盾值</shield>。</rules>,gold,https://raw.communitydragon.org/latest/plugins/rcp-fe-lol-static-assets/global/default/images/augment-icons/1331.png,0.5163,0.1021,26.12,2026-06-26T14:47:14.640Z
1332,1332,OminousPact,不祥契约,基于<scaleHealth>已损失生命值</scaleHealth>，获得<scaleAP>法术强度</scaleAP>、<speed>移动速度</speed>和<omnivamp>全能吸血</omnivamp>，每次你施放技能时会对自身造成伤害。<br>,基于<scaleHealth>已损失生命值</scaleHealth>，获得<scaleAP>法术强度</scaleAP>、<speed>移动速度</speed>和<omnivamp>全能吸血</omnivamp>，每次你施放技能时会对自身造成伤害。<br>,gold,https://raw.communitydragon.org/latest/plugins/rcp-fe-lol-static-assets/global/default/images/augment-icons/1332.png,0.5441,0.1549,26.12,2026-06-26T14:47:14.640Z
1334,1334,SnowballUpgrade,升级：雪球,<spellName>雪球</spellName>获得50技能急速。击中一个敌人时，会产生一次降雪，来对附近的敌人造成<magic>范围伤害</magic>和<status>减速</status>效果。<br><br><rules>如果你没有雪球，获得一个<spellName>雪球</spellName>。</rules><br>,<spellName>雪球</spellName>获得50技能急速。击中一个敌人时，会产生一次降雪，来对附近的敌人造成<magic>范围伤害</magic>和<status>减速</status>效果。<br><br><rules>如果你没有雪球，获得一个<spellName>雪球</spellName>。</rules><br>,silver,https://raw.communitydragon.org/latest/plugins/rcp-fe-lol-static-assets/global/default/images/augment-icons/1334.png,0.5309,0.2337,26.12,2026-06-26T14:47:14.640Z
1335,1335,Goldrend,夺金,用攻击或技能对一个英雄造成伤害时会造成额外<magicDamage>魔法伤害</magicDamage>，并为你提供<gold>金币</gold>和 <speed>移动速度</speed>。,用攻击或技能对一个英雄造成伤害时会造成额外<magicDamage>魔法伤害</magicDamage>，并为你提供<gold>金币</gold>和 <speed>移动速度</speed>。,gold,https://raw.communitydragon.org/latest/plugins/rcp-fe-lol-static-assets/global/default/images/augment-icons/1335.png,0.6250,0.0954,26.12,2026-06-26T14:47:14.640Z
1336,1336,ARAM_Upgrade_IE,升级：无尽之刃,获得25% %i:scaleCrit%暴击几率和<gold>500金币</gold>。<br>装备<attention>无尽之刃</attention>后，可使你的%i:scaleCrit%暴击几率在每次攻击都会提供随机的%i:scaleCritMult%暴击伤害。,获得25% %i:scaleCrit%暴击几率和<gold>500金币</gold>。<br>装备<attention>无尽之刃</attention>后，可使你的%i:scaleCrit%暴击几率在每次攻击都会提供随机的%i:scaleCritMult%暴击伤害。,silver,https://raw.communitydragon.org/latest/plugins/rcp-fe-lol-static-assets/global/default/images/augment-icons/1336.png,0.5091,0.2364,26.12,2026-06-26T14:47:14.640Z
1337,1337,KingMe,尊我为王,当你第一次<attention>携带一件传说级装备</attention>并乘坐敌人的传送门时，你会<font color = '#d158f9'>加冕为王</font>，升级你的装备并获得一个随机棱彩阶强化符文。,当你第一次<attention>携带一件传说级装备</attention>并乘坐敌人的传送门时，你会<font color = '#d158f9'>加冕为王</font>，升级你的装备并获得一个随机棱彩阶强化符文。,gold,https://raw.communitydragon.org/latest/plugins/rcp-fe-lol-static-assets/global/default/images/augment-icons/1337.png,0.5690,0.0395,26.12,2026-06-26T14:47:14.640Z
1343,1343,Quest_Sneakerhead,王中王，靴中靴,即刻：随机获得一双升级后的靴子。<br><br>需求：完成其任务，以更换为另一双。<br><br>奖励：嘉文一世之靴,即刻：随机获得一双升级后的靴子。<br><br>需求：完成其任务，以更换为另一双。<br><br>奖励：嘉文一世之靴,gold,https://raw.communitydragon.org/latest/plugins/rcp-fe-lol-static-assets/global/default/images/augment-icons/1343.png,0.5801,0.1455,26.12,2026-06-26T14:47:14.640Z
1344,1344,FinalForm,最终形态,在施放你的<attention>终极技能</attention>时，获得持续10秒的<shield>最大生命值护盾</shield>、<lifeSteal>全能吸血</lifeSteal>和<speed>移动速度</speed>。,在施放你的<attention>终极技能</attention>时，获得持续10秒的<shield>最大生命值护盾</shield>、<lifeSteal>全能吸血</lifeSteal>和<speed>移动速度</speed>。,gold,https://raw.communitydragon.org/latest/plugins/rcp-fe-lol-static-assets/global/default/images/augment-icons/1344.png,0.6645,0.1282,26.12,2026-06-26T14:47:14.640Z
1345,1345,ARAM_SpiritualPurification,心灵净化,参与击杀时，产生一次爆炸，对附近其它敌人们造成60%<status>减速</status>，并且造成基于他们<scaleHealth>当前生命值</scaleHealth>的伤害。,参与击杀时，产生一次爆炸，对附近其它敌人们造成60%<status>减速</status>，并且造成基于他们<scaleHealth>当前生命值</scaleHealth>的伤害。,silver,https://raw.communitydragon.org/latest/plugins/rcp-fe-lol-static-assets/global/default/images/augment-icons/1345.png,0.7380,0.1602,26.12,2026-06-26T14:47:14.640Z
1346,1346,Vampirism,吸血习性,你不再能够被友军治疗或获得<healing>生命回复</healing>。获得<omnivamp>25%</omnivamp>全能吸血。 ,你不再能够被友军治疗或获得<healing>生命回复</healing>。获得<omnivamp>25%</omnivamp>全能吸血。 ,silver,https://raw.communitydragon.org/latest/plugins/rcp-fe-lol-static-assets/global/default/images/augment-icons/1346.png,0.5562,0.1231,26.12,2026-06-26T14:47:14.640Z
1349,1349,UltimateAwakening,终极唤醒,获得30终极技能急速。<br>在施放你的<keyword>终极技能</keyword>后，刷新你的所有基础技能并获得持续15秒的300基础技能急速。(20秒冷却时间),获得30终极技能急速。<br>在施放你的<keyword>终极技能</keyword>后，刷新你的所有基础技能并获得持续15秒的300基础技能急速。(20秒冷却时间),gold,https://raw.communitydragon.org/latest/plugins/rcp-fe-lol-static-assets/global/default/images/augment-icons/1349.png,0.6902,0.1483,26.12,2026-06-26T14:47:14.640Z
1353,1353,ARAM_TankEngine,坦克引擎,参与击杀时，获得一个层数，使你的体型增大并提升<scaleHealth>最大生命值</scaleHealth>。阵亡时损失层数。,参与击杀时，获得一个层数，使你的体型增大并提升<scaleHealth>最大生命值</scaleHealth>。阵亡时损失层数。,silver,https://raw.communitydragon.org/latest/plugins/rcp-fe-lol-static-assets/global/default/images/augment-icons/1353.png,0.4812,0.1676,26.12,2026-06-26T14:47:14.640Z
1356,1356,CriticalMissile,暴击飞弹,当你<crit>暴击</crit>时，发射飞弹造成<magicDamage>魔法伤害</magicDamage>。<br><br>获得<crit>%i:scaleCrit% 25%暴击几率</crit>。,当你<crit>暴击</crit>时，发射飞弹造成<magicDamage>魔法伤害</magicDamage>。<br><br>获得<crit>%i:scaleCrit% 25%暴击几率</crit>。,silver,https://raw.communitydragon.org/latest/plugins/rcp-fe-lol-static-assets/global/default/images/augment-icons/1356.png,0.5303,0.1795,26.12,2026-06-26T14:47:14.640Z
1358,1358,PinballSnowball,弹球,你的<spellName>雪球</spellName>获得<speed>技能急速</speed>并且造成额外的<trueDamage>真实伤害</trueDamage>。<br><br>当<spellName>雪球</spellName>从墙体上反弹时，它的体型和伤害获得提升，并缩短它的冷却时间。,你的<spellName>雪球</spellName>获得<speed>技能急速</speed>并且造成额外的<trueDamage>真实伤害</trueDamage>。<br><br>当<spellName>雪球</spellName>从墙体上反弹时，它的体型和伤害获得提升，并缩短它的冷却时间。,silver,https://raw.communitydragon.org/latest/plugins/rcp-fe-lol-static-assets/global/default/images/augment-icons/1358.png,0.5906,0.0474,26.12,2026-06-26T14:47:14.640Z
1361,1361,ARAM_Quest_VoidImmolation,艾卡西亚的陷落,即刻：获得1个【斑比的熔渣】。<br><br><font color='#F0C200'>任务：</font>持有<keywordMajor>日炎圣盾</keywordMajor>和<keywordMajor>璀璨回响</keywordMajor>。<br><br><font color='#F0C200'>奖励：</font>将这些装备合成为<keywordMajor>虚空献祭</keywordMajor>。,即刻：获得1个【斑比的熔渣】。<br><br><font color='#F0C200'>任务：</font>持有<keywordMajor>日炎圣盾</keywordMajor>和<keywordMajor>璀璨回响</keywordMajor>。<br><br><font color='#F0C200'>奖励：</font>将这些装备合成为<keywordMajor>虚空献祭</keywordMajor>。,gold,https://raw.communitydragon.org/latest/plugins/rcp-fe-lol-static-assets/global/default/images/augment-icons/1361.png,0.4941,0.0530,26.12,2026-06-26T14:47:14.640Z
1373,1373,ShrinkEngine,缩小引擎,参与击杀后会让你变小并且获得技能急速和<speed>移动速度</speed>。<br><br>阵亡时损失65%层数。,参与击杀后会让你变小并且获得技能急速和<speed>移动速度</speed>。<br><br>阵亡时损失65%层数。,silver,https://raw.communitydragon.org/latest/plugins/rcp-fe-lol-static-assets/global/default/images/augment-icons/1373.png,0.6926,0.2441,26.12,2026-06-26T14:47:14.640Z
1375,1375,SoulEater,吞噬灵魂,<status>定身</status>一个敌方英雄时会提供<scaleHealth>20最大生命值</scaleHealth>。,<status>定身</status>一个敌方英雄时会提供<scaleHealth>20最大生命值</scaleHealth>。,silver,https://raw.communitydragon.org/latest/plugins/rcp-fe-lol-static-assets/global/default/images/augment-icons/1375.png,0.5386,0.1382,26.12,2026-06-26T14:47:14.640Z
1379,1379,Upgrade_SwordOfBlossom,升级：花晓之剑,获得<speed>100%攻击速度</speed>。<br><br>你对英雄的攻击会使来自【花晓之剑】的治疗效果提升<scaleHealth>250%</scaleHealth>。,获得<speed>100%攻击速度</speed>。<br><br>你对英雄的攻击会使来自【花晓之剑】的治疗效果提升<scaleHealth>250%</scaleHealth>。,gold,https://raw.communitydragon.org/latest/plugins/rcp-fe-lol-static-assets/global/default/images/augment-icons/1379.png,0.5458,0.1384,26.12,2026-06-26T14:47:14.640Z
1384,1384,Donation,捐赠,"获得<font color=""#ffd138"">1750</font>金币。无需多问。","获得<font color=""#ffd138"">1750</font>金币。无需多问。",silver,https://raw.communitydragon.org/latest/plugins/rcp-fe-lol-static-assets/global/default/images/augment-icons/1384.png,0.6938,0.1560,26.12,2026-06-26T14:47:14.640Z
1388,1388,InfiniteRecursion,无限循环往复,获得60技能急速，外加每次参与击杀3技能急速。,获得60技能急速，外加每次参与击杀3技能急速。,gold,https://raw.communitydragon.org/latest/plugins/rcp-fe-lol-static-assets/global/default/images/augment-icons/1388.png,0.5530,0.2439,26.12,2026-06-26T14:47:14.640Z
1389,1389,HandOfBaron,男爵之手,获得<scaleAP>25%适应之力</scaleAP>。附近友方小兵都获得极大增强。,获得<scaleAP>25%适应之力</scaleAP>。附近友方小兵都获得极大增强。,gold,https://raw.communitydragon.org/latest/plugins/rcp-fe-lol-static-assets/global/default/images/augment-icons/1389.png,0.6852,0.1918,26.12,2026-06-26T14:47:14.640Z
1390,1390,ARAM_PhenomenalEvil,超凡邪恶,在你用技能对敌人造成伤害时永久获得<scaleAP>1法术强度</scaleAP>。<br><br>如果是作为你的第二个强化符文，则自带<scaleAP>40法术强度</scaleAP>。,在你用技能对敌人造成伤害时永久获得<scaleAP>1法术强度</scaleAP>。<br><br>如果是作为你的第二个强化符文，则自带<scaleAP>40法术强度</scaleAP>。,silver,https://raw.communitydragon.org/latest/plugins/rcp-fe-lol-static-assets/global/default/images/augment-icons/1390.png,0.5892,0.0036,26.12,2026-06-26T14:47:14.640Z
1392,1392,GoldenSnowball,神圣雪球,<spellName>雪球</spellName>获得100技能急速。<br><br>你在用【雪球】冲刺后短暂<keywordMajor>免疫伤害</keywordMajor>。<br><br><rules>如果你没有雪球，获得一个<spellName>雪球</spellName>。</rules><br><br>,<spellName>雪球</spellName>获得100技能急速。<br><br>你在用【雪球】冲刺后短暂<keywordMajor>免疫伤害</keywordMajor>。<br><br><rules>如果你没有雪球，获得一个<spellName>雪球</spellName>。</rules><br><br>,gold,https://raw.communitydragon.org/latest/plugins/rcp-fe-lol-static-assets/global/default/images/augment-icons/1392.png,0.7483,0.2110,26.12,2026-06-26T14:47:14.640Z
1400,1400,TrainOfTheDead,最终都市列车,在你阵亡时，朝击杀你的敌人发动一辆列车，对它命中的每个敌人造成<physicalDamage>?物理伤害</physicalDamage>。这个列车不会停下。,在你阵亡时，朝击杀你的敌人发动一辆列车，对它命中的每个敌人造成<physicalDamage>?物理伤害</physicalDamage>。这个列车不会停下。,silver,https://raw.communitydragon.org/latest/plugins/rcp-fe-lol-static-assets/global/default/images/augment-icons/1400.png,0.6024,0.0098,26.12,2026-06-26T14:47:14.640Z
1401,1401,GrowthSpurt,生机迸发,获得<active>生机迸发</active>作为一个召唤师技能。<br><br>生机迸发会猛然提升你的体型，<status>击飞</status>附近的敌人们并提供<scaleHealth>最大生命值</scaleHealth>。,获得<active>生机迸发</active>作为一个召唤师技能。<br><br>生机迸发会猛然提升你的体型，<status>击飞</status>附近的敌人们并提供<scaleHealth>最大生命值</scaleHealth>。,silver,https://raw.communitydragon.org/latest/plugins/rcp-fe-lol-static-assets/global/default/images/augment-icons/1401.png,0.5459,0.0760,26.12,2026-06-26T14:47:14.640Z
1402,1402,ARAM_StatsOnStatsOnStats,属性叠属性叠属性！,获得4个【属性锻造器】，有更高几率出现黄金阶和棱彩阶锻造器！<br><br>在你的下一次强化符文选取时，每个栏位获得一次额外的刷新。,获得4个【属性锻造器】，有更高几率出现黄金阶和棱彩阶锻造器！<br><br>在你的下一次强化符文选取时，每个栏位获得一次额外的刷新。,gold,https://raw.communitydragon.org/latest/plugins/rcp-fe-lol-static-assets/global/default/images/augment-icons/1402.png,0.5823,0.0118,26.12,2026-06-26T14:47:14.640Z
1403,1403,ARAM_StatsOnStats,属性叠属性！,获得3个【属性锻造器】，有更高几率出现黄金阶和棱彩阶锻造器！,获得3个【属性锻造器】，有更高几率出现黄金阶和棱彩阶锻造器！,silver,https://raw.communitydragon.org/latest/plugins/rcp-fe-lol-static-assets/global/default/images/augment-icons/1403.png,0.6466,0.0084,26.12,2026-06-26T14:47:14.640Z
1413,1413,ARAM_StuckInHereWithMe,和我一起困在这里,使用你的<keywordMajor>终极技能</keywordMajor>时会<status>嘲讽</status>附近的敌人们并提供给你伤害减免。,使用你的<keywordMajor>终极技能</keywordMajor>时会<status>嘲讽</status>附近的敌人们并提供给你伤害减免。,gold,https://raw.communitydragon.org/latest/plugins/rcp-fe-lol-static-assets/global/default/images/augment-icons/1413.png,0.4812,0.1415,26.12,2026-06-26T14:47:14.640Z
1414,1414,Dropybara_Active,卡皮巴拉空投,获得<spellName>卡皮巴拉空投</spellName>作为一个召唤师技能。<br><br><rules>在一阵延迟后，召唤一个卡皮巴拉落下，造成<trueDamage>30%最大生命值的真实伤害</trueDamage>。 </rules>,获得<spellName>卡皮巴拉空投</spellName>作为一个召唤师技能。<br><br><rules>在一阵延迟后，召唤一个卡皮巴拉落下，造成<trueDamage>30%最大生命值的真实伤害</trueDamage>。 </rules>,gold,https://raw.communitydragon.org/latest/plugins/rcp-fe-lol-static-assets/global/default/images/augment-icons/1414.png,0.5970,0.1086,26.12,2026-06-26T14:47:14.640Z
1420,1420,Sonata,咏叹奏鸣,每10秒，以一个不断交替的旋律来<keywordMajor>自动施放</keywordMajor><spellName>坚毅咏叹调</spellName>和<spellName>迅捷奏鸣曲</spellName>。<br><br><rules><spellName>坚毅咏叹调</spellName><healing>治疗</healing>附近友军并提供一个临时的<shield>护盾光环</shield>。</rules><br><br><rules><spellName>迅捷奏鸣曲</spellName>提供一个临时光环来提供<speed>额外移动速度</speed>。</rules>,每10秒，以一个不断交替的旋律来<keywordMajor>自动施放</keywordMajor><spellName>坚毅咏叹调</spellName>和<spellName>迅捷奏鸣曲</spellName>。<br><br><rules><spellName>坚毅咏叹调</spellName><healing>治疗</healing>附近友军并提供一个临时的<shield>护盾光环</shield>。</rules><br><br><rules><spellName>迅捷奏鸣曲</spellName>提供一个临时光环来提供<speed>额外移动速度</speed>。</rules>,silver,https://raw.communitydragon.org/latest/plugins/rcp-fe-lol-static-assets/global/default/images/augment-icons/1420.png,0.4538,0.0426,26.12,2026-06-26T14:47:14.640Z
1421,1421,PromQueen,舞会女王,每35秒，<keywordMajor>自动施放</keywordMajor>一道闪亮宝冠降临在你头上。当它着陆时，获得洛的终极技能，魅惑你碰到的敌人们。,每35秒，<keywordMajor>自动施放</keywordMajor>一道闪亮宝冠降临在你头上。当它着陆时，获得洛的终极技能，魅惑你碰到的敌人们。,gold,https://raw.communitydragon.org/latest/plugins/rcp-fe-lol-static-assets/global/default/images/augment-icons/1421.png,0.4605,0.0163,26.12,2026-06-26T14:47:14.640Z
1996,1996,ARAM_Upgrade_Sheen,升级：耀光,你的<passive>咒刃</passive>效果造成<physical>额外伤害</physical>并<heal>治疗</heal>你自身，治疗量相当于目标生命值的一定百分比。此外，获得<gold>250金币</gold>。,你的<passive>咒刃</passive>效果造成<physical>额外伤害</physical>并<heal>治疗</heal>你自身，治疗量相当于目标生命值的一定百分比。此外，获得<gold>250金币</gold>。,silver,https://raw.communitydragon.org/latest/plugins/rcp-fe-lol-static-assets/global/default/images/augment-icons/1996.png,0.7239,0.2235,26.12,2026-06-26T14:47:14.640Z
2004,2004,ARAM_EmpoweredByTheFaithful,信念者的强化,为友军提供<healing>治疗</healing>或<shield>护盾</shield>会赐福他们，使其伤害填充你的<keyword>虔诚</keyword>。<br><br>当你拥有足够的<keyword>虔诚</keyword>时，释放一道冲击波来造成<magicDamage>魔法伤害</magicDamage>并处决低生命值的敌人们。,为友军提供<healing>治疗</healing>或<shield>护盾</shield>会赐福他们，使其伤害填充你的<keyword>虔诚</keyword>。<br><br>当你拥有足够的<keyword>虔诚</keyword>时，释放一道冲击波来造成<magicDamage>魔法伤害</magicDamage>并处决低生命值的敌人们。,gold,https://raw.communitydragon.org/latest/plugins/rcp-fe-lol-static-assets/global/default/images/augment-icons/2004.png,0.5999,0.1300,26.12,2026-06-26T14:47:14.640Z
2005,2005,ARAM_InfernoTriggered,扳机炼狱,获得<spellName>悍勇本色</spellName>。在你达到S<keywordMajor>评价等级</keywordMajor>时，自动使用<spellName>炼狱扳机</spellName>。,获得<spellName>悍勇本色</spellName>。在你达到S<keywordMajor>评价等级</keywordMajor>时，自动使用<spellName>炼狱扳机</spellName>。,gold,https://raw.communitydragon.org/latest/plugins/rcp-fe-lol-static-assets/global/default/images/augment-icons/2005.png,0.6514,0.1679,26.12,2026-06-26T14:47:14.640Z
2006,2006,ARAM_Dropkick,飞身踢,你的攻击会处决低生命值的敌方英雄，从而击退并引发一次爆炸，同时治疗你自身。,你的攻击会处决低生命值的敌方英雄，从而击退并引发一次爆炸，同时治疗你自身。,gold,https://raw.communitydragon.org/latest/plugins/rcp-fe-lol-static-assets/global/default/images/augment-icons/2006.png,0.5008,0.0012,26.12,2026-06-26T14:47:14.640Z
2007,2007,ARAM_LittleDevil,你肩上的恶魔,与【大魔王】本尊签订一个契约。<br><br>他<omnivamp>持续汲取你的生命力</omnivamp>，但回报给你力量，让你对英雄造成<trueDamage>额外真实伤害</trueDamage>并且创造<healing>治疗残片</healing>供你获取。,与【大魔王】本尊签订一个契约。<br><br>他<omnivamp>持续汲取你的生命力</omnivamp>，但回报给你力量，让你对英雄造成<trueDamage>额外真实伤害</trueDamage>并且创造<healing>治疗残片</healing>供你获取。,gold,https://raw.communitydragon.org/latest/plugins/rcp-fe-lol-static-assets/global/default/images/augment-icons/2007.png,0.6040,0.2263,26.12,2026-06-26T14:47:14.640Z
2010,2010,ARAM_DoubleTap,双发快射,你的<crit>暴击</crit>施加一次额外的<OnHit>%i:OnHit%附带攻击</OnHit>特效。<br><br>获得<crit>%i:scaleCrit% ?暴击几率</crit>。,你的<crit>暴击</crit>施加一次额外的<OnHit>%i:OnHit%附带攻击</OnHit>特效。<br><br>获得<crit>%i:scaleCrit% ?暴击几率</crit>。,silver,https://raw.communitydragon.org/latest/plugins/rcp-fe-lol-static-assets/global/default/images/augment-icons/2010.png,0.7038,0.1458,26.12,2026-06-26T14:47:14.640Z
2031,2031,ARAM_DropBear,空投熊,阵亡时，一个具有你所有强化符文的巨大提伯斯从天而降并伤害附近的敌人们。,阵亡时，一个具有你所有强化符文的巨大提伯斯从天而降并伤害附近的敌人们。,gold,https://raw.communitydragon.org/latest/plugins/rcp-fe-lol-static-assets/global/default/images/augment-icons/2031.png,0.6874,0.0288,26.12,2026-06-26T14:47:14.640Z
2032,2032,FishBait,鲨鱼诱饵,在阵亡之后的若干秒，一头鲨鱼会啃噬所有附近的敌人们。你可以在阵亡后进行移动，以给鲨鱼攻击进行定位。,在阵亡之后的若干秒，一头鲨鱼会啃噬所有附近的敌人们。你可以在阵亡后进行移动，以给鲨鱼攻击进行定位。,silver,https://raw.communitydragon.org/latest/plugins/rcp-fe-lol-static-assets/global/default/images/augment-icons/2032.png,0.5682,0.0163,26.12,2026-06-26T14:47:14.640Z
2034,2034,SharkTempest,鲨鱼暴风,鲨鱼们环绕着你的【雪球】，对附近的敌人们造成伤害和<status>减速</status>。当你的【雪球】命中一个英雄时，其会陷入一阵鲨鱼风暴之中！,鲨鱼们环绕着你的【雪球】，对附近的敌人们造成伤害和<status>减速</status>。当你的【雪球】命中一个英雄时，其会陷入一阵鲨鱼风暴之中！,silver,https://raw.communitydragon.org/latest/plugins/rcp-fe-lol-static-assets/global/default/images/augment-icons/2034.png,0.4999,0.0837,26.12,2026-06-26T14:47:14.640Z
2042,2042,BrushPower,藏身草丛,在进入<keyword>草丛</keyword>后，多造成<attention>20%</attention>伤害，持续<attention>2</attention>秒。留在<keyword>草丛</keyword>中会刷新这个效果。,在进入<keyword>草丛</keyword>后，多造成<attention>20%</attention>伤害，持续<attention>2</attention>秒。留在<keyword>草丛</keyword>中会刷新这个效果。,silver,https://raw.communitydragon.org/latest/plugins/rcp-fe-lol-static-assets/global/default/images/augment-icons/2042.png,0.5155,0.1895,26.12,2026-06-26T14:47:14.640Z
2043,2043,NatureIsHealing,自然即是治愈,站在<keyword>草丛</keyword>中时，每秒回复<healing>?最大生命值</healing>。,站在<keyword>草丛</keyword>中时，每秒回复<healing>?最大生命值</healing>。,silver,https://raw.communitydragon.org/latest/plugins/rcp-fe-lol-static-assets/global/default/images/augment-icons/2043.png,0.6364,0.0716,26.12,2026-06-26T14:47:14.640Z
2046,2046,PoroCharge_Active,魄罗蛮冲,<font color='#F0C200'>任务：</font>收集【魄罗佳肴】并投喂?只魄罗<br><br><font color='#F0C200'>奖励：</font>获得【魄罗冲锋】召唤师技能，可让魄罗们对敌方队伍发动几波攻势。每任务等级都会解锁额外的波次。<br><br><flavorText>“噢吼！它们可真萌啊！”——魄罗驯养人</flavorText>,<font color='#F0C200'>任务：</font>收集【魄罗佳肴】并投喂?只魄罗<br><br><font color='#F0C200'>奖励：</font>获得【魄罗冲锋】召唤师技能，可让魄罗们对敌方队伍发动几波攻势。每任务等级都会解锁额外的波次。<br><br><flavorText>“噢吼！它们可真萌啊！”——魄罗驯养人</flavorText>,gold,https://raw.communitydragon.org/latest/plugins/rcp-fe-lol-static-assets/global/default/images/augment-icons/2046.png,0.6720,0.0058,26.12,2026-06-26T14:47:14.640Z
2054,2054,SpellVolley,三重射击,你的【<font color='#F0C200'>?</font>】技能会瞄准你前方2个额外的敌人。,你的【<font color='#F0C200'>?</font>】技能会瞄准你前方2个额外的敌人。,gold,https://raw.communitydragon.org/latest/plugins/rcp-fe-lol-static-assets/global/default/images/augment-icons/2054.png,0.7452,0.0322,26.12,2026-06-26T14:47:14.640Z
2055,2055,ARAM_Multishot,多重射击,<font color='#F0C200'>任务：</font>用【<font color='#F0C200'>?</font>】技能命中敌方英雄?次。<br><br><font color='#F0C200'>奖励：</font>发射数量基于任务等级的额外飞弹。,<font color='#F0C200'>任务：</font>用【<font color='#F0C200'>?</font>】技能命中敌方英雄?次。<br><br><font color='#F0C200'>奖励：</font>发射数量基于任务等级的额外飞弹。,gold,https://raw.communitydragon.org/latest/plugins/rcp-fe-lol-static-assets/global/default/images/augment-icons/2055.png,0.5886,0.0439,26.12,2026-06-26T14:47:14.640Z
2062,2062,Ability_SelfAOE_DoubleCast,回响施放,施放你的【<font color='#F0C200'>?</font>】技能时会朝你的鼠标位置派出一个复制体并再次施放该技能。,施放你的【<font color='#F0C200'>?</font>】技能时会朝你的鼠标位置派出一个复制体并再次施放该技能。,gold,https://raw.communitydragon.org/latest/plugins/rcp-fe-lol-static-assets/global/default/images/augment-icons/2062.png,0.4854,0.1626,26.12,2026-06-26T14:47:14.640Z
2063,2063,DimensionShift_Active,位面转移,获得<spellName>当黑暗到来</spellName>召唤师技能。生成一个地带来将它其中的所有人传送到另一个位面。,获得<spellName>当黑暗到来</spellName>召唤师技能。生成一个地带来将它其中的所有人传送到另一个位面。,gold,https://raw.communitydragon.org/latest/plugins/rcp-fe-lol-static-assets/global/default/images/augment-icons/2063.png,0.4505,0.0526,26.12,2026-06-26T14:47:14.640Z
2064,2064,ARAM_Quickstep,快步,当你使用【<font color='#F0C200'>?</font>】技能时，朝你的鼠标指针进行冲刺。,当你使用【<font color='#F0C200'>?</font>】技能时，朝你的鼠标指针进行冲刺。,silver,https://raw.communitydragon.org/latest/plugins/rcp-fe-lol-static-assets/global/default/images/augment-icons/2064.png,0.6424,0.1713,26.12,2026-06-26T14:47:14.640Z
2065,2065,ARAM_Terror,惊惧,每当你施放【<font color='#F0C200'>?</font>】技能时，<status>恐惧</status>你周围的敌人们.,每当你施放【<font color='#F0C200'>?</font>】技能时，<status>恐惧</status>你周围的敌人们.,silver,https://raw.communitydragon.org/latest/plugins/rcp-fe-lol-static-assets/global/default/images/augment-icons/2065.png,0.5044,0.0583,26.12,2026-06-26T14:47:14.640Z
2072,2072,Missile_Split,咒语裂变,在命中时、最大距离时或<recast>再次施放</recast>时，你的【<font color='#F0C200'>?</font>】技能的飞弹会分裂为两部分。,在命中时、最大距离时或<recast>再次施放</recast>时，你的【<font color='#F0C200'>?</font>】技能的飞弹会分裂为两部分。,gold,https://raw.communitydragon.org/latest/plugins/rcp-fe-lol-static-assets/global/default/images/augment-icons/2072.png,0.7135,0.1972,26.12,2026-06-26T14:47:14.640Z
2077,2077,DarkWind,贪欲束缚,用你的【<font color='#F0C200'>?</font>】技能<status>定身</status>或<status>缚地</status>敌方英雄时造成额外<magicDamage>伤害</magicDamage>并<healing>对你进行治疗</healing>。,用你的【<font color='#F0C200'>?</font>】技能<status>定身</status>或<status>缚地</status>敌方英雄时造成额外<magicDamage>伤害</magicDamage>并<healing>对你进行治疗</healing>。,silver,https://raw.communitydragon.org/latest/plugins/rcp-fe-lol-static-assets/global/default/images/augment-icons/2077.png,0.5944,0.1072,26.12,2026-06-26T14:47:14.640Z
2078,2078,ChainReaction,连锁反应,如果一个被【<font color='#F0C200'>?</font>】技能<status>击退</status>的目标命中了另一个英雄，则二者都会被<status>击飞</status>并受到<magicDamage>伤害</magicDamage>。在与地形产生碰撞时，该<status>击飞</status>时长会延长并且他们会受到<magicDamage>额外伤害</magicDamage>。,如果一个被【<font color='#F0C200'>?</font>】技能<status>击退</status>的目标命中了另一个英雄，则二者都会被<status>击飞</status>并受到<magicDamage>伤害</magicDamage>。在与地形产生碰撞时，该<status>击飞</status>时长会延长并且他们会受到<magicDamage>额外伤害</magicDamage>。,gold,https://raw.communitydragon.org/latest/plugins/rcp-fe-lol-static-assets/global/default/images/augment-icons/2078.png,0.4668,0.1526,26.12,2026-06-26T14:47:14.640Z
2080,2080,Snowbomb,冰雪爆裂,再次施放<spellName>雪球</spellName>会造成提升<magicDamage>伤害</magicDamage>、<status>击飞</status>该目标、并<status>击退</status>附近的敌人们。,再次施放<spellName>雪球</spellName>会造成提升<magicDamage>伤害</magicDamage>、<status>击飞</status>该目标、并<status>击退</status>附近的敌人们。,silver,https://raw.communitydragon.org/latest/plugins/rcp-fe-lol-static-assets/global/default/images/augment-icons/2080.png,0.7469,0.2263,26.12,2026-06-26T14:47:14.640Z
2082,2082,Equilibrium,我们的治疗,每当你周围的某人进行治疗时，你获得相当于<healing>其15%治疗效果的治疗效果</healing>。从敌方治疗中获得双倍。,每当你周围的某人进行治疗时，你获得相当于<healing>其15%治疗效果的治疗效果</healing>。从敌方治疗中获得双倍。,silver,https://raw.communitydragon.org/latest/plugins/rcp-fe-lol-static-assets/global/default/images/augment-icons/2082.png,0.5601,0.0538,26.12,2026-06-26T14:47:14.640Z
2083,2083,BurstingTeeth,牙仙子,爆裂敌人会掉落<keyword>牙齿</keyword>。拾取<keyword>牙齿</keyword>会提供给你永久的<scaleLethality>穿甲</scaleLethality>和<magicPen>法术穿透</magicPen>。,爆裂敌人会掉落<keyword>牙齿</keyword>。拾取<keyword>牙齿</keyword>会提供给你永久的<scaleLethality>穿甲</scaleLethality>和<magicPen>法术穿透</magicPen>。,silver,https://raw.communitydragon.org/latest/plugins/rcp-fe-lol-static-assets/global/default/images/augment-icons/2083.png,0.6088,0.1073,26.12,2026-06-26T14:47:14.640Z
2087,2087,ARAM_Archmage,大法师,施放一个技能会返还另一个随机技能的花费，数额相当于30%原技能冷却时间。,施放一个技能会返还另一个随机技能的花费，数额相当于30%原技能冷却时间。,gold,https://raw.communitydragon.org/latest/plugins/rcp-fe-lol-static-assets/global/default/images/augment-icons/2087.png,0.7446,0.0067,26.12,2026-06-26T14:47:14.640Z
2089,2089,ARAM_YowchMyCoins,哎哟，我的硬币！,在参与击杀敌方英雄后，该英雄会在附近掉落多枚硬币，你和友军可以收集它们。每枚硬币价值<gold>15金币</gold>。,在参与击杀敌方英雄后，该英雄会在附近掉落多枚硬币，你和友军可以收集它们。每枚硬币价值<gold>15金币</gold>。,silver,https://raw.communitydragon.org/latest/plugins/rcp-fe-lol-static-assets/global/default/images/augment-icons/2089.png,0.4620,0.2235,26.12,2026-06-26T14:47:14.640Z
2091,2091,EndlessDecimation,无尽大杀四方,在战斗状态下，<keywordMajor>自动施放</keywordMajor>一次环形斧头挥舞从而造成<physicalDamage>物理伤害</physicalDamage>。被斧刃命中的敌人们受到额外伤害并<healing>治疗</healing>你。,在战斗状态下，<keywordMajor>自动施放</keywordMajor>一次环形斧头挥舞从而造成<physicalDamage>物理伤害</physicalDamage>。被斧刃命中的敌人们受到额外伤害并<healing>治疗</healing>你。,silver,https://raw.communitydragon.org/latest/plugins/rcp-fe-lol-static-assets/global/default/images/augment-icons/2091.png,0.5366,0.2236,26.12,2026-06-26T14:47:14.640Z
2095,2095,ARAM_HighRoller,掷骰狂人,附近敌人在阵亡时有几率掉落【属性锻造器】。,附近敌人在阵亡时有几率掉落【属性锻造器】。,gold,https://raw.communitydragon.org/latest/plugins/rcp-fe-lol-static-assets/global/default/images/augment-icons/2095.png,0.5860,0.2217,26.12,2026-06-26T14:47:14.640Z
2096,2096,LittleExtraHelp,小小的额外帮助,在你的【<font color='#F0C200'>?</font>】技能持续期间获得?攻击距离和?<attackSpeed>攻击速度</attackSpeed>。,在你的【<font color='#F0C200'>?</font>】技能持续期间获得?攻击距离和?<attackSpeed>攻击速度</attackSpeed>。,silver,https://raw.communitydragon.org/latest/plugins/rcp-fe-lol-static-assets/global/default/images/augment-icons/2096.png,0.5725,0.2446,26.12,2026-06-26T14:47:14.640Z
2097,2097,VoidDash,虚空冲刺,用【<font color='#F0C200'>?</font>】技能冲刺时会产生一片【虚空地带】来对敌方英雄们造成<status>减速</status>和魔法伤害。,用【<font color='#F0C200'>?</font>】技能冲刺时会产生一片【虚空地带】来对敌方英雄们造成<status>减速</status>和魔法伤害。,silver,https://raw.communitydragon.org/latest/plugins/rcp-fe-lol-static-assets/global/default/images/augment-icons/2097.png,0.7293,0.0595,26.12,2026-06-26T14:47:14.640Z
2098,2098,ARAM_EndlessHunt,吃过路兵,周期性地识别出敌方英雄身上的<keywordMajor>破绽</keywordMajor>。 用攻击或技能命中它们时，会造成<trueDamage>最大生命值真实伤害</trueDamage>、<healing>回复生命值</healing>并提供<speed>移动速度</speed>。这些效果可以叠加。,周期性地识别出敌方英雄身上的<keywordMajor>破绽</keywordMajor>。 用攻击或技能命中它们时，会造成<trueDamage>最大生命值真实伤害</trueDamage>、<healing>回复生命值</healing>并提供<speed>移动速度</speed>。这些效果可以叠加。,gold,https://raw.communitydragon.org/latest/plugins/rcp-fe-lol-static-assets/global/default/images/augment-icons/2098.png,0.5911,0.2177,26.12,2026-06-26T14:47:14.640Z
2099,2099,ARAM_DivineDomain,飞升仪式,参与击杀敌方英雄后会留下其精华。攻击该精华会提供<speed>移动速度</speed>并重置基础技能冷却时间。,参与击杀敌方英雄后会留下其精华。攻击该精华会提供<speed>移动速度</speed>并重置基础技能冷却时间。,gold,https://raw.communitydragon.org/latest/plugins/rcp-fe-lol-static-assets/global/default/images/augment-icons/2099.png,0.5895,0.0195,26.12,2026-06-26T14:47:14.640Z
2100,2100,ARAM_SpecializedRecursion,急速之追求,<font color='#F0C200'>任务：</font>用【<font color='#F0C200'>?</font>】技能命中敌方英雄?次<br><br><font color='#F0C200'>奖励：</font>【<font color='#F0C200'>?</font>】技能获得技能急速，基于任务等级，至多至?。,<font color='#F0C200'>任务：</font>用【<font color='#F0C200'>?</font>】技能命中敌方英雄?次<br><br><font color='#F0C200'>奖励：</font>【<font color='#F0C200'>?</font>】技能获得技能急速，基于任务等级，至多至?。,silver,https://raw.communitydragon.org/latest/plugins/rcp-fe-lol-static-assets/global/default/images/augment-icons/2100.png,0.6232,0.1371,26.12,2026-06-26T14:47:14.640Z
2102,2102,PressureCooker,高压锅,每一秒，对附近的敌方英雄们施加一层可叠加的<keywordMajor>灼烧</keywordMajor>，这个效果受益于你的<scaleHealth>最大生命值</scaleHealth>。<br><br><font color='#F0C200'>任务：</font>对敌方英雄造成<keywordMajor>灼烧</keywordMajor>伤害<br><br><font color='#F0C200'>奖励</font>：提升【高压锅】的规模和伤害，基于任务等级。,每一秒，对附近的敌方英雄们施加一层可叠加的<keywordMajor>灼烧</keywordMajor>，这个效果受益于你的<scaleHealth>最大生命值</scaleHealth>。<br><br><font color='#F0C200'>任务：</font>对敌方英雄造成<keywordMajor>灼烧</keywordMajor>伤害<br><br><font color='#F0C200'>奖励</font>：提升【高压锅】的规模和伤害，基于任务等级。,silver,https://raw.communitydragon.org/latest/plugins/rcp-fe-lol-static-assets/global/default/images/augment-icons/2102.png,0.6387,0.0214,26.12,2026-06-26T14:47:14.640Z
2103,2103,ARAM_BangBang,狙神飞星,<font color='#F0C200'>任务：</font>用技能<keywordMajor>狙击</keywordMajor>?个敌方英雄<br><br><font color='#F0C200'>奖励：</font>一颗流星会飞向被<keywordMajor>狙击</keywordMajor>的敌方英雄，在其周围的一个区域内造成<magicDamage>魔法伤害</magicDamage>,<font color='#F0C200'>任务：</font>用技能<keywordMajor>狙击</keywordMajor>?个敌方英雄<br><br><font color='#F0C200'>奖励：</font>一颗流星会飞向被<keywordMajor>狙击</keywordMajor>的敌方英雄，在其周围的一个区域内造成<magicDamage>魔法伤害</magicDamage>,silver,https://raw.communitydragon.org/latest/plugins/rcp-fe-lol-static-assets/global/default/images/augment-icons/2103.png,0.6907,0.2309,26.12,2026-06-26T14:47:14.640Z
2104,2104,ARAM_SpiritBomb,灵魄炸弹,为友方英雄提供<healing>治疗</healing>和<shield>护盾</shield>时会为你积攒一颗【灵魄炸弹】。在满层时，投掷该炸弹至<scaleHealth>生命值最低的那个友军</scaleHealth>，从而对其和附近友军们提供<healing>治疗</healing>和<shield>护盾</shield>。,为友方英雄提供<healing>治疗</healing>和<shield>护盾</shield>时会为你积攒一颗【灵魄炸弹】。在满层时，投掷该炸弹至<scaleHealth>生命值最低的那个友军</scaleHealth>，从而对其和附近友军们提供<healing>治疗</healing>和<shield>护盾</shield>。,gold,https://raw.communitydragon.org/latest/plugins/rcp-fe-lol-static-assets/global/default/images/augment-icons/2104.png,0.5064,0.2230,26.12,2026-06-26T14:47:14.640Z
2107,2107,ARAM_Hellbent,濒死悟道,用攻击或技能伤害敌方英雄时会提供层数。在满层时，你在阵亡时<attention>会进行强化复活</attention>。,用攻击或技能伤害敌方英雄时会提供层数。在满层时，你在阵亡时<attention>会进行强化复活</attention>。,gold,https://raw.communitydragon.org/latest/plugins/rcp-fe-lol-static-assets/global/default/images/augment-icons/2107.png,0.5189,0.0670,26.12,2026-06-26T14:47:14.640Z
2109,2109,SnapBack,复位,再次施放【<font color='#F0C200'>?</font>】技能时会产生爆炸，并回到你的原本位置。,再次施放【<font color='#F0C200'>?</font>】技能时会产生爆炸，并回到你的原本位置。,silver,https://raw.communitydragon.org/latest/plugins/rcp-fe-lol-static-assets/global/default/images/augment-icons/2109.png,0.4688,0.1074,26.12,2026-06-26T14:47:14.640Z
2111,2111,Bonk,邦！,被【<font color='#F0C200'>?</font>】技能强化的攻击或技能会对目标和附近的敌人们造成额外伤害。,被【<font color='#F0C200'>?</font>】技能强化的攻击或技能会对目标和附近的敌人们造成额外伤害。,silver,https://raw.communitydragon.org/latest/plugins/rcp-fe-lol-static-assets/global/default/images/augment-icons/2111.png,0.5046,0.0111,26.12,2026-06-26T14:47:14.640Z
2115,2115,SquishySlappyGrab,软弹啪叽抓,偶尔对所有附近的敌方英雄放出软弹啪叽的手，然后用灵链系住。你的下次攻击将拉拽所有被系住的敌人。,偶尔对所有附近的敌方英雄放出软弹啪叽的手，然后用灵链系住。你的下次攻击将拉拽所有被系住的敌人。,gold,https://raw.communitydragon.org/latest/plugins/rcp-fe-lol-static-assets/global/default/images/augment-icons/2115.png,0.4722,0.0200,26.12,2026-06-26T14:47:14.640Z
2116,2116,SpecializedEmpowerment,威能之追求,<font color='#F0C200'>任务：</font>用【<font color='#F0C200'>?</font>】技能命中敌人?次。<br><br><font color='#F0C200'>奖励：</font>永久提升【<font color='#F0C200'>?</font>】技能伤害。,<font color='#F0C200'>任务：</font>用【<font color='#F0C200'>?</font>】技能命中敌人?次。<br><br><font color='#F0C200'>奖励：</font>永久提升【<font color='#F0C200'>?</font>】技能伤害。,silver,https://raw.communitydragon.org/latest/plugins/rcp-fe-lol-static-assets/global/default/images/augment-icons/2116.png,0.7306,0.2353,26.12,2026-06-26T14:47:14.640Z
2118,2118,SkipTheBasics,大招工具人,你的<scaleAbilityHaste>技能急速</scaleAbilityHaste>仅作用于<keyword>终极技能</keyword>，但效果多50%。获得<scaleAbilityHaste>100技能急速</scaleAbilityHaste>。,你的<scaleAbilityHaste>技能急速</scaleAbilityHaste>仅作用于<keyword>终极技能</keyword>，但效果多50%。获得<scaleAbilityHaste>100技能急速</scaleAbilityHaste>。,gold,https://raw.communitydragon.org/latest/plugins/rcp-fe-lol-static-assets/global/default/images/augment-icons/2118.png,0.5723,0.1514,26.12,2026-06-26T14:47:14.640Z
2119,2119,Overextender,过量延伸者,回城并进入到你的加农炮发射器。它的距离、飞行速度和伤害已经得到显著提升。,回城并进入到你的加农炮发射器。它的距离、飞行速度和伤害已经得到显著提升。,silver,https://raw.communitydragon.org/latest/plugins/rcp-fe-lol-static-assets/global/default/images/augment-icons/2119.png,0.7499,0.0488,26.12,2026-06-26T14:47:14.640Z
2123,2123,Overloaded,超负荷,使用另一个技能会重置【<font color='#F0C200'>?</font>】技能的冷却时间。,使用另一个技能会重置【<font color='#F0C200'>?</font>】技能的冷却时间。,gold,https://raw.communitydragon.org/latest/plugins/rcp-fe-lol-static-assets/global/default/images/augment-icons/2123.png,0.5481,0.0873,26.12,2026-06-26T14:47:14.640Z
2126,2126,KeepGoing,装填,在【<font color='#F0C200'>?</font>】技能期间的普攻%i:OnHit%<OnHit>攻击特效</OnHit>会降低其冷却时间。,在【<font color='#F0C200'>?</font>】技能期间的普攻%i:OnHit%<OnHit>攻击特效</OnHit>会降低其冷却时间。,silver,https://raw.communitydragon.org/latest/plugins/rcp-fe-lol-static-assets/global/default/images/augment-icons/2126.png,0.4790,0.1931,26.12,2026-06-26T14:47:14.640Z
2128,2128,BloodMoneyBurn,炽燃利息,施加至英雄的灼烧和持续伤害会生成<gold>金币</gold>。,施加至英雄的灼烧和持续伤害会生成<gold>金币</gold>。,silver,https://raw.communitydragon.org/latest/plugins/rcp-fe-lol-static-assets/global/default/images/augment-icons/2128.png,0.5353,0.1102,26.12,2026-06-26T14:47:14.640Z
2129,2129,Terraind,地形专家,你的【<font color='#F0C200'>?</font>】技能会在它周围的一个区域内造成伤害。,你的【<font color='#F0C200'>?</font>】技能会在它周围的一个区域内造成伤害。,silver,https://raw.communitydragon.org/latest/plugins/rcp-fe-lol-static-assets/global/default/images/augment-icons/2129.png,0.4663,0.1880,26.12,2026-06-26T14:47:14.640Z
2132,2132,WarlockJuicebox,术士果汁盒,获得<lifeSteal>?全能吸血</lifeSteal>。,获得<lifeSteal>?全能吸血</lifeSteal>。,silver,https://raw.communitydragon.org/latest/plugins/rcp-fe-lol-static-assets/global/default/images/augment-icons/2132.png,0.5442,0.0014,26.12,2026-06-26T14:47:14.640Z
2133,2133,MercysStrike,仁慈打击,在使用【<font color='#F0C200'>?</font>】技能之后，你的下一次普攻获得<attention>攻击距离</attention>、<speed>攻击速度</speed>并造成额外<magicDamage>最大生命值魔法伤害</magicDamage>。,在使用【<font color='#F0C200'>?</font>】技能之后，你的下一次普攻获得<attention>攻击距离</attention>、<speed>攻击速度</speed>并造成额外<magicDamage>最大生命值魔法伤害</magicDamage>。,silver,https://raw.communitydragon.org/latest/plugins/rcp-fe-lol-static-assets/global/default/images/augment-icons/2133.png,0.4826,0.1307,26.12,2026-06-26T14:47:14.640Z
2134,2134,SurgeField,电涌力场,在施放终极技能时，在你周围生成一个<keywordMajor>地带</keywordMajor>来提供<scaleAbilityHaste>技能急速</scaleAbilityHaste>和<speed>移动速度</speed>。在其中时，它会发射飞弹，飞弹造成相当于你造成的<magicDamage>20%伤害</magicDamage>。,在施放终极技能时，在你周围生成一个<keywordMajor>地带</keywordMajor>来提供<scaleAbilityHaste>技能急速</scaleAbilityHaste>和<speed>移动速度</speed>。在其中时，它会发射飞弹，飞弹造成相当于你造成的<magicDamage>20%伤害</magicDamage>。,gold,https://raw.communitydragon.org/latest/plugins/rcp-fe-lol-static-assets/global/default/images/augment-icons/2134.png,0.6433,0.0891,26.12,2026-06-26T14:47:14.640Z
2135,2135,Overkill,针插垫,在【<font color='#F0C200'>?</font>】技能期间进行攻击会施加<keywordMajor>标记</keywordMajor>，其会在该持续时长结束时爆炸，从而造成伤害并提供移动速度。,在【<font color='#F0C200'>?</font>】技能期间进行攻击会施加<keywordMajor>标记</keywordMajor>，其会在该持续时长结束时爆炸，从而造成伤害并提供移动速度。,gold,https://raw.communitydragon.org/latest/plugins/rcp-fe-lol-static-assets/global/default/images/augment-icons/2135.png,0.6230,0.2166,26.12,2026-06-26T14:47:14.640Z
2137,2137,PatOnTheBack,轻拍背部,友军会在你走过时鼓励你，为你提供<shield>护盾</shield>和<speed>移动速度</speed>。,友军会在你走过时鼓励你，为你提供<shield>护盾</shield>和<speed>移动速度</speed>。,silver,https://raw.communitydragon.org/latest/plugins/rcp-fe-lol-static-assets/global/default/images/augment-icons/2137.png,0.5449,0.0433,26.12,2026-06-26T14:47:14.640Z
2139,2139,PinCushion,豪猪,承受来自英雄的伤害会积攒一次尖针迸发，这些尖针会从你身上飞出，对附近的敌人们造成伤害和减速。,承受来自英雄的伤害会积攒一次尖针迸发，这些尖针会从你身上飞出，对附近的敌人们造成伤害和减速。,silver,https://raw.communitydragon.org/latest/plugins/rcp-fe-lol-static-assets/global/default/images/augment-icons/2139.png,0.4890,0.0340,26.12,2026-06-26T14:47:14.640Z
12317,12317,ARAM_PandorasBox,潘朵拉的盒子,将你的所有强化符文变为<keywordMajor>随机的棱彩阶%i:Augment%强化符文</keywordMajor>。,将你的所有强化符文变为<keywordMajor>随机的棱彩阶%i:Augment%强化符文</keywordMajor>。,gold,https://raw.communitydragon.org/latest/plugins/rcp-fe-lol-static-assets/global/default/images/augment-icons/12317.png,0.7382,0.2201,26.12,2026-06-26T14:47:14.640Z